YEAR,REGION,AGE_GROUP,GENDER,GENDER_LABEL,POPULATION_INSEE,NB_DEPARTMENTS
2022,Auvergne-Rhone-Alpes,0-19 ans,ALL,Ensemble,1944700,1
2022,Auvergne-Rhone-Alpes,0-19 ans,F,F,946507,1
2022,Auvergne-Rhone-Alpes,0-19 ans,M,M,998193,1
2022,Auvergne-Rhone-Alpes,20-39 ans,ALL,Ensemble,1945989,1
2022,Auvergne-Rhone-Alpes,20-39 ans,F,F,974677,1
2022,Auvergne-Rhone-Alpes,20-39 ans,M,M,971312,1
2022,Auvergne-Rhone-Alpes,40-59 ans,ALL,Ensemble,2107973,1
2022,Auvergne-Rhone-Alpes,40-59 ans,F,F,1062770,1
2022,Auvergne-Rhone-Alpes,40-59 ans,M,M,1045203,1
2022,Auvergne-Rhone-Alpes,60-74 ans,ALL,Ensemble,1368077,1
2022,Auvergne-Rhone-Alpes,60-74 ans,F,F,722068,1
2022,Auvergne-Rhone-Alpes,60-74 ans,M,M,646009,1
2022,Auvergne-Rhone-Alpes,75+ ans,ALL,Ensemble,797145,1
2022,Auvergne-Rhone-Alpes,75+ ans,F,F,479244,1
2022,Auvergne-Rhone-Alpes,75+ ans,M,M,317901,1
2022,Auvergne-Rhône-Alpes,0-19 ans,ALL,Ensemble,3889400,1
2022,Auvergne-Rhône-Alpes,0-19 ans,F,F,1893014,1
2022,Auvergne-Rhône-Alpes,0-19 ans,M,M,1996386,1
2022,Auvergne-Rhône-Alpes,20-39 ans,ALL,Ensemble,3891978,1
2022,Auvergne-Rhône-Alpes,20-39 ans,F,F,1949354,1
2022,Auvergne-Rhône-Alpes,20-39 ans,M,M,1942624,1
2022,Auvergne-Rhône-Alpes,40-59 ans,ALL,Ensemble,4215946,1
2022,Auvergne-Rhône-Alpes,40-59 ans,F,F,2125540,1
2022,Auvergne-Rhône-Alpes,40-59 ans,M,M,2090406,1
2022,Auvergne-Rhône-Alpes,60-74 ans,ALL,Ensemble,2736154,1
2022,Auvergne-Rhône-Alpes,60-74 ans,F,F,1444136,1
2022,Auvergne-Rhône-Alpes,60-74 ans,M,M,1292018,1
2022,Auvergne-Rhône-Alpes,75+ ans,ALL,Ensemble,1594290,1
2022,Auvergne-Rhône-Alpes,75+ ans,F,F,958488,1
2022,Auvergne-Rhône-Alpes,75+ ans,M,M,635802,1
2022,Bourgogne-Franche-Comte,0-19 ans,ALL,Ensemble,660804,1
2022,Bourgogne-Franche-Comte,0-19 ans,F,F,320055,1
2022,Bourgogne-Franche-Comte,0-19 ans,M,M,340749,1
2022,Bourgogne-Franche-Comte,20-39 ans,ALL,Ensemble,637057,1
2022,Bourgogne-Franche-Comte,20-39 ans,F,F,312883,1
2022,Bourgogne-Franche-Comte,20-39 ans,M,M,324174,1
2022,Bourgogne-Franche-Comte,40-59 ans,ALL,Ensemble,759226,1
2022,Bourgogne-Franche-Comte,40-59 ans,F,F,382473,1
2022,Bourgogne-Franche-Comte,40-59 ans,M,M,376753,1
2022,Bourgogne-Franche-Comte,60-74 ans,ALL,Ensemble,582364,1
2022,Bourgogne-Franche-Comte,60-74 ans,F,F,305279,1
2022,Bourgogne-Franche-Comte,60-74 ans,M,M,277085,1
2022,Bourgogne-Franche-Comte,75+ ans,ALL,Ensemble,334391,1
2022,Bourgogne-Franche-Comte,75+ ans,F,F,201018,1
2022,Bourgogne-Franche-Comte,75+ ans,M,M,133373,1
2022,Bourgogne-Franche-Comté,0-19 ans,ALL,Ensemble,1251058,1
2022,Bourgogne-Franche-Comté,0-19 ans,F,F,605940,1
2022,Bourgogne-Franche-Comté,0-19 ans,M,M,645118,1
2022,Bourgogne-Franche-Comté,20-39 ans,ALL,Ensemble,1204638,1
2022,Bourgogne-Franche-Comté,20-39 ans,F,F,592912,1
2022,Bourgogne-Franche-Comté,20-39 ans,M,M,611726,1
2022,Bourgogne-Franche-Comté,40-59 ans,ALL,Ensemble,1432664,1
2022,Bourgogne-Franche-Comté,40-59 ans,F,F,722170,1
2022,Bourgogne-Franche-Comté,40-59 ans,M,M,710494,1
2022,Bourgogne-Franche-Comté,60-74 ans,ALL,Ensemble,1092164,1
2022,Bourgogne-Franche-Comté,60-74 ans,F,F,572822,1
2022,Bourgogne-Franche-Comté,60-74 ans,M,M,519342,1
2022,Bourgogne-Franche-Comté,75+ ans,ALL,Ensemble,627430,1
2022,Bourgogne-Franche-Comté,75+ ans,F,F,376946,1
2022,Bourgogne-Franche-Comté,75+ ans,M,M,250484,1
2022,Bretagne,0-19 ans,ALL,Ensemble,2326161,1
2022,Bretagne,0-19 ans,F,F,1131180,1
2022,Bretagne,0-19 ans,M,M,1194981,1
2022,Bretagne,20-39 ans,ALL,Ensemble,2222487,1
2022,Bretagne,20-39 ans,F,F,1094502,1
2022,Bretagne,20-39 ans,M,M,1127985,1
2022,Bretagne,40-59 ans,ALL,Ensemble,2642865,1
2022,Bretagne,40-59 ans,F,F,1327362,1
2022,Bretagne,40-59 ans,M,M,1315503,1
2022,Bretagne,60-74 ans,ALL,Ensemble,1973721,1
2022,Bretagne,60-74 ans,F,F,1039926,1
2022,Bretagne,60-74 ans,M,M,933795,1
2022,Bretagne,75+ ans,ALL,Ensemble,1103301,1
2022,Bretagne,75+ ans,F,F,677781,1
2022,Bretagne,75+ ans,M,M,425520,1
2022,Centre-Val-de-Loire,0-19 ans,ALL,Ensemble,1791030,1
2022,Centre-Val-de-Loire,0-19 ans,F,F,869712,1
2022,Centre-Val-de-Loire,0-19 ans,M,M,921318,1
2022,Centre-Val-de-Loire,20-39 ans,ALL,Ensemble,1656525,1
2022,Centre-Val-de-Loire,20-39 ans,F,F,829206,1
2022,Centre-Val-de-Loire,20-39 ans,M,M,827319,1
2022,Centre-Val-de-Loire,40-59 ans,ALL,Ensemble,1984620,1
2022,Centre-Val-de-Loire,40-59 ans,F,F,1007139,1
2022,Centre-Val-de-Loire,40-59 ans,M,M,977481,1
2022,Centre-Val-de-Loire,60-74 ans,ALL,Ensemble,1460103,1
2022,Centre-Val-de-Loire,60-74 ans,F,F,768690,1
2022,Centre-Val-de-Loire,60-74 ans,M,M,691413,1
2022,Centre-Val-de-Loire,75+ ans,ALL,Ensemble,852513,1
2022,Centre-Val-de-Loire,75+ ans,F,F,510591,1
2022,Centre-Val-de-Loire,75+ ans,M,M,341922,1
2022,Corse,0-19 ans,ALL,Ensemble,211626,1
2022,Corse,0-19 ans,F,F,103269,1
2022,Corse,0-19 ans,M,M,108357,1
2022,Corse,20-39 ans,ALL,Ensemble,229128,1
2022,Corse,20-39 ans,F,F,117267,1
2022,Corse,20-39 ans,M,M,111861,1
2022,Corse,40-59 ans,ALL,Ensemble,284844,1
2022,Corse,40-59 ans,F,F,145131,1
2022,Corse,40-59 ans,M,M,139713,1
2022,Corse,60-74 ans,ALL,Ensemble,204867,1
2022,Corse,60-74 ans,F,F,105966,1
2022,Corse,60-74 ans,M,M,98901,1
2022,Corse,75+ ans,ALL,Ensemble,123363,1
2022,Corse,75+ ans,F,F,71217,1
2022,Corse,75+ ans,M,M,52146,1
2022,DROM,0-19 ans,ALL,Ensemble,2106705,5
2022,DROM,0-19 ans,F,F,1045749,5
2022,DROM,0-19 ans,M,M,1060956,5
2022,DROM,20-39 ans,ALL,Ensemble,1516698,5
2022,DROM,20-39 ans,F,F,832311,5
2022,DROM,20-39 ans,M,M,684387,5
2022,DROM,40-59 ans,ALL,Ensemble,1685574,5
2022,DROM,40-59 ans,F,F,905766,5
2022,DROM,40-59 ans,M,M,779808,5
2022,DROM,60-74 ans,ALL,Ensemble,938112,5
2022,DROM,60-74 ans,F,F,495411,5
2022,DROM,60-74 ans,M,M,442701,5
2022,DROM,75+ ans,ALL,Ensemble,394767,5
2022,DROM,75+ ans,F,F,233496,5
2022,DROM,75+ ans,M,M,161271,5
2022,Grand Est,0-19 ans,ALL,Ensemble,2512290,1
2022,Grand Est,0-19 ans,F,F,1221928,1
2022,Grand Est,0-19 ans,M,M,1290362,1
2022,Grand Est,20-39 ans,ALL,Ensemble,2614822,1
2022,Grand Est,20-39 ans,F,F,1296548,1
2022,Grand Est,20-39 ans,M,M,1318274,1
2022,Grand Est,40-59 ans,ALL,Ensemble,2897130,1
2022,Grand Est,40-59 ans,F,F,1461066,1
2022,Grand Est,40-59 ans,M,M,1436064,1
2022,Grand Est,60-74 ans,ALL,Ensemble,2036156,1
2022,Grand Est,60-74 ans,F,F,1069928,1
2022,Grand Est,60-74 ans,M,M,966228,1
2022,Grand Est,75+ ans,ALL,Ensemble,1059760,1
2022,Grand Est,75+ ans,F,F,643100,1
2022,Grand Est,75+ ans,M,M,416660,1
2022,Grand-Est,0-19 ans,ALL,Ensemble,1220870,1
2022,Grand-Est,0-19 ans,F,F,593879,1
2022,Grand-Est,0-19 ans,M,M,626991,1
2022,Grand-Est,20-39 ans,ALL,Ensemble,1272673,1
2022,Grand-Est,20-39 ans,F,F,631847,1
2022,Grand-Est,20-39 ans,M,M,640826,1
2022,Grand-Est,40-59 ans,ALL,Ensemble,1405671,1
2022,Grand-Est,40-59 ans,F,F,709145,1
2022,Grand-Est,40-59 ans,M,M,696526,1
2022,Grand-Est,60-74 ans,ALL,Ensemble,981796,1
2022,Grand-Est,60-74 ans,F,F,516096,1
2022,Grand-Est,60-74 ans,M,M,465700,1
2022,Grand-Est,75+ ans,ALL,Ensemble,509204,1
2022,Grand-Est,75+ ans,F,F,309005,1
2022,Grand-Est,75+ ans,M,M,200199,1
2022,Hauts-de-France,0-19 ans,ALL,Ensemble,4530648,1
2022,Hauts-de-France,0-19 ans,F,F,2209992,1
2022,Hauts-de-France,0-19 ans,M,M,2320656,1
2022,Hauts-de-France,20-39 ans,ALL,Ensemble,4346580,1
2022,Hauts-de-France,20-39 ans,F,F,2182119,1
2022,Hauts-de-France,20-39 ans,M,M,2164461,1
2022,Hauts-de-France,40-59 ans,ALL,Ensemble,4585188,1
2022,Hauts-de-France,40-59 ans,F,F,2316150,1
2022,Hauts-de-France,40-59 ans,M,M,2269038,1
2022,Hauts-de-France,60-74 ans,ALL,Ensemble,3047517,1
2022,Hauts-de-France,60-74 ans,F,F,1627668,1
2022,Hauts-de-France,60-74 ans,M,M,1419849,1
2022,Hauts-de-France,75+ ans,ALL,Ensemble,1486815,1
2022,Hauts-de-France,75+ ans,F,F,932199,1
2022,Hauts-de-France,75+ ans,M,M,554616,1
2022,Ile-de-France,0-19 ans,ALL,Ensemble,3099637,1
2022,Ile-de-France,0-19 ans,F,F,1517171,1
2022,Ile-de-France,0-19 ans,M,M,1582466,1
2022,Ile-de-France,20-39 ans,ALL,Ensemble,3458335,1
2022,Ile-de-France,20-39 ans,F,F,1777125,1
2022,Ile-de-France,20-39 ans,M,M,1681210,1
2022,Ile-de-France,40-59 ans,ALL,Ensemble,3228507,1
2022,Ile-de-France,40-59 ans,F,F,1645676,1
2022,Ile-de-France,40-59 ans,M,M,1582831,1
2022,Ile-de-France,60-74 ans,ALL,Ensemble,1702309,1
2022,Ile-de-France,60-74 ans,F,F,913961,1
2022,Ile-de-France,60-74 ans,M,M,788348,1
2022,Ile-de-France,75+ ans,ALL,Ensemble,892176,1
2022,Ile-de-France,75+ ans,F,F,538341,1
2022,Ile-de-France,75+ ans,M,M,353835,1
2022,Normandie,0-19 ans,ALL,Ensemble,2334489,1
2022,Normandie,0-19 ans,F,F,1135398,1
2022,Normandie,0-19 ans,M,M,1199091,1
2022,Normandie,20-39 ans,ALL,Ensemble,2231955,1
2022,Normandie,20-39 ans,F,F,1114302,1
2022,Normandie,20-39 ans,M,M,1117653,1
2022,Normandie,40-59 ans,ALL,Ensemble,2526090,1
2022,Normandie,40-59 ans,F,F,1282014,1
2022,Normandie,40-59 ans,M,M,1244076,1
2022,Normandie,60-74 ans,ALL,Ensemble,1892577,1
2022,Normandie,60-74 ans,F,F,1002546,1
2022,Normandie,60-74 ans,M,M,890031,1
2022,Normandie,75+ ans,ALL,Ensemble,1032111,1
2022,Normandie,75+ ans,F,F,633948,1
2022,Normandie,75+ ans,M,M,398163,1
2022,Nouvelle-Aquitaine,0-19 ans,ALL,Ensemble,3909830,1
2022,Nouvelle-Aquitaine,0-19 ans,F,F,1901694,1
2022,Nouvelle-Aquitaine,0-19 ans,M,M,2008136,1
2022,Nouvelle-Aquitaine,20-39 ans,ALL,Ensemble,3956584,1
2022,Nouvelle-Aquitaine,20-39 ans,F,F,1980404,1
2022,Nouvelle-Aquitaine,20-39 ans,M,M,1976180,1
2022,Nouvelle-Aquitaine,40-59 ans,ALL,Ensemble,4813875,1
2022,Nouvelle-Aquitaine,40-59 ans,F,F,2456854,1
2022,Nouvelle-Aquitaine,40-59 ans,M,M,2357021,1
2022,Nouvelle-Aquitaine,60-74 ans,ALL,Ensemble,3683192,1
2022,Nouvelle-Aquitaine,60-74 ans,F,F,1948400,1
2022,Nouvelle-Aquitaine,60-74 ans,M,M,1734792,1
2022,Nouvelle-Aquitaine,75+ ans,ALL,Ensemble,2169320,1
2022,Nouvelle-Aquitaine,75+ ans,F,F,1304396,1
2022,Nouvelle-Aquitaine,75+ ans,M,M,864924,1
2022,Occitanie,0-19 ans,ALL,Ensemble,3980320,1
2022,Occitanie,0-19 ans,F,F,1939161,1
2022,Occitanie,0-19 ans,M,M,2041159,1
2022,Occitanie,20-39 ans,ALL,Ensemble,4064483,1
2022,Occitanie,20-39 ans,F,F,2041231,1
2022,Occitanie,20-39 ans,M,M,2023252,1
2022,Occitanie,40-59 ans,ALL,Ensemble,4630017,1
2022,Occitanie,40-59 ans,F,F,2367962,1
2022,Occitanie,40-59 ans,M,M,2262055,1
2022,Occitanie,60-74 ans,ALL,Ensemble,3374533,1
2022,Occitanie,60-74 ans,F,F,1780573,1
2022,Occitanie,60-74 ans,M,M,1593960,1
2022,Occitanie,75+ ans,ALL,Ensemble,2000191,1
2022,Occitanie,75+ ans,F,F,1189771,1
2022,Occitanie,75+ ans,M,M,810420,1
2022,Pays de la Loire,0-19 ans,ALL,Ensemble,1870394,1
2022,Pays de la Loire,0-19 ans,F,F,908486,1
2022,Pays de la Loire,0-19 ans,M,M,961908,1
2022,Pays de la Loire,20-39 ans,ALL,Ensemble,1757772,1
2022,Pays de la Loire,20-39 ans,F,F,873260,1
2022,Pays de la Loire,20-39 ans,M,M,884512,1
2022,Pays de la Loire,40-59 ans,ALL,Ensemble,1980314,1
2022,Pays de la Loire,40-59 ans,F,F,994020,1
2022,Pays de la Loire,40-59 ans,M,M,986294,1
2022,Pays de la Loire,60-74 ans,ALL,Ensemble,1376118,1
2022,Pays de la Loire,60-74 ans,F,F,725854,1
2022,Pays de la Loire,60-74 ans,M,M,650264,1
2022,Pays de la Loire,75+ ans,ALL,Ensemble,773834,1
2022,Pays de la Loire,75+ ans,F,F,468236,1
2022,Pays de la Loire,75+ ans,M,M,305598,1
2022,Pays-de-la-Loire,0-19 ans,ALL,Ensemble,935197,1
2022,Pays-de-la-Loire,0-19 ans,F,F,454243,1
2022,Pays-de-la-Loire,0-19 ans,M,M,480954,1
2022,Pays-de-la-Loire,20-39 ans,ALL,Ensemble,878886,1
2022,Pays-de-la-Loire,20-39 ans,F,F,436630,1
2022,Pays-de-la-Loire,20-39 ans,M,M,442256,1
2022,Pays-de-la-Loire,40-59 ans,ALL,Ensemble,990157,1
2022,Pays-de-la-Loire,40-59 ans,F,F,497010,1
2022,Pays-de-la-Loire,40-59 ans,M,M,493147,1
2022,Pays-de-la-Loire,60-74 ans,ALL,Ensemble,688059,1
2022,Pays-de-la-Loire,60-74 ans,F,F,362927,1
2022,Pays-de-la-Loire,60-74 ans,M,M,325132,1
2022,Pays-de-la-Loire,75+ ans,ALL,Ensemble,386917,1
2022,Pays-de-la-Loire,75+ ans,F,F,234118,1
2022,Pays-de-la-Loire,75+ ans,M,M,152799,1
2022,Provence-Alpes-Cote-d-Azur,0-19 ans,ALL,Ensemble,1124743,1
2022,Provence-Alpes-Cote-d-Azur,0-19 ans,F,F,546316,1
2022,Provence-Alpes-Cote-d-Azur,0-19 ans,M,M,578427,1
2022,Provence-Alpes-Cote-d-Azur,20-39 ans,ALL,Ensemble,1145242,1
2022,Provence-Alpes-Cote-d-Azur,20-39 ans,F,F,581427,1
2022,Provence-Alpes-Cote-d-Azur,20-39 ans,M,M,563815,1
2022,Provence-Alpes-Cote-d-Azur,40-59 ans,ALL,Ensemble,1336126,1
2022,Provence-Alpes-Cote-d-Azur,40-59 ans,F,F,690128,1
2022,Provence-Alpes-Cote-d-Azur,40-59 ans,M,M,645998,1
2022,Provence-Alpes-Cote-d-Azur,60-74 ans,ALL,Ensemble,953540,1
2022,Provence-Alpes-Cote-d-Azur,60-74 ans,F,F,511730,1
2022,Provence-Alpes-Cote-d-Azur,60-74 ans,M,M,441810,1
2022,Provence-Alpes-Cote-d-Azur,75+ ans,ALL,Ensemble,610661,1
2022,Provence-Alpes-Cote-d-Azur,75+ ans,F,F,365953,1
2022,Provence-Alpes-Cote-d-Azur,75+ ans,M,M,244708,1
2022,Provence-Alpes-Côte d'Azur,0-19 ans,ALL,Ensemble,2249486,1
2022,Provence-Alpes-Côte d'Azur,0-19 ans,F,F,1092632,1
2022,Provence-Alpes-Côte d'Azur,0-19 ans,M,M,1156854,1
2022,Provence-Alpes-Côte d'Azur,20-39 ans,ALL,Ensemble,2290484,1
2022,Provence-Alpes-Côte d'Azur,20-39 ans,F,F,1162854,1
2022,Provence-Alpes-Côte d'Azur,20-39 ans,M,M,1127630,1
2022,Provence-Alpes-Côte d'Azur,40-59 ans,ALL,Ensemble,2672252,1
2022,Provence-Alpes-Côte d'Azur,40-59 ans,F,F,1380256,1
2022,Provence-Alpes-Côte d'Azur,40-59 ans,M,M,1291996,1
2022,Provence-Alpes-Côte d'Azur,60-74 ans,ALL,Ensemble,1907080,1
2022,Provence-Alpes-Côte d'Azur,60-74 ans,F,F,1023460,1
2022,Provence-Alpes-Côte d'Azur,60-74 ans,M,M,883620,1
2022,Provence-Alpes-Côte d'Azur,75+ ans,ALL,Ensemble,1221322,1
2022,Provence-Alpes-Côte d'Azur,75+ ans,F,F,731906,1
2022,Provence-Alpes-Côte d'Azur,75+ ans,M,M,489416,1
2022,Île-de-France,0-19 ans,ALL,Ensemble,6199274,1
2022,Île-de-France,0-19 ans,F,F,3034342,1
2022,Île-de-France,0-19 ans,M,M,3164932,1
2022,Île-de-France,20-39 ans,ALL,Ensemble,6916670,1
2022,Île-de-France,20-39 ans,F,F,3554250,1
2022,Île-de-France,20-39 ans,M,M,3362420,1
2022,Île-de-France,40-59 ans,ALL,Ensemble,6457014,1
2022,Île-de-France,40-59 ans,F,F,3291352,1
2022,Île-de-France,40-59 ans,M,M,3165662,1
2022,Île-de-France,60-74 ans,ALL,Ensemble,3404618,1
2022,Île-de-France,60-74 ans,F,F,1827922,1
2022,Île-de-France,60-74 ans,M,M,1576696,1
2022,Île-de-France,75+ ans,ALL,Ensemble,1784352,1
2022,Île-de-France,75+ ans,F,F,1076682,1
2022,Île-de-France,75+ ans,M,M,707670,1
2023,Auvergne-Rhone-Alpes,0-19 ans,ALL,Ensemble,1938376,1
2023,Auvergne-Rhone-Alpes,0-19 ans,F,F,942869,1
2023,Auvergne-Rhone-Alpes,0-19 ans,M,M,995507,1
2023,Auvergne-Rhone-Alpes,20-39 ans,ALL,Ensemble,1951065,1
2023,Auvergne-Rhone-Alpes,20-39 ans,F,F,976150,1
2023,Auvergne-Rhone-Alpes,20-39 ans,M,M,974915,1
2023,Auvergne-Rhone-Alpes,40-59 ans,ALL,Ensemble,2114570,1
2023,Auvergne-Rhone-Alpes,40-59 ans,F,F,1066450,1
2023,Auvergne-Rhone-Alpes,40-59 ans,M,M,1048120,1
2023,Auvergne-Rhone-Alpes,60-74 ans,ALL,Ensemble,1368424,1
2023,Auvergne-Rhone-Alpes,60-74 ans,F,F,721657,1
2023,Auvergne-Rhone-Alpes,60-74 ans,M,M,646767,1
2023,Auvergne-Rhone-Alpes,75+ ans,ALL,Ensemble,824001,1
2023,Auvergne-Rhone-Alpes,75+ ans,F,F,492440,1
2023,Auvergne-Rhone-Alpes,75+ ans,M,M,331561,1
2023,Auvergne-Rhône-Alpes,0-19 ans,ALL,Ensemble,3876752,1
2023,Auvergne-Rhône-Alpes,0-19 ans,F,F,1885738,1
2023,Auvergne-Rhône-Alpes,0-19 ans,M,M,1991014,1
2023,Auvergne-Rhône-Alpes,20-39 ans,ALL,Ensemble,3902130,1
2023,Auvergne-Rhône-Alpes,20-39 ans,F,F,1952300,1
2023,Auvergne-Rhône-Alpes,20-39 ans,M,M,1949830,1
2023,Auvergne-Rhône-Alpes,40-59 ans,ALL,Ensemble,4229140,1
2023,Auvergne-Rhône-Alpes,40-59 ans,F,F,2132900,1
2023,Auvergne-Rhône-Alpes,40-59 ans,M,M,2096240,1
2023,Auvergne-Rhône-Alpes,60-74 ans,ALL,Ensemble,2736848,1
2023,Auvergne-Rhône-Alpes,60-74 ans,F,F,1443314,1
2023,Auvergne-Rhône-Alpes,60-74 ans,M,M,1293534,1
2023,Auvergne-Rhône-Alpes,75+ ans,ALL,Ensemble,1648002,1
2023,Auvergne-Rhône-Alpes,75+ ans,F,F,984880,1
2023,Auvergne-Rhône-Alpes,75+ ans,M,M,663122,1
2023,Bourgogne-Franche-Comte,0-19 ans,ALL,Ensemble,654705,1
2023,Bourgogne-Franche-Comte,0-19 ans,F,F,317361,1
2023,Bourgogne-Franche-Comte,0-19 ans,M,M,337344,1
2023,Bourgogne-Franche-Comte,20-39 ans,ALL,Ensemble,635248,1
2023,Bourgogne-Franche-Comte,20-39 ans,F,F,311173,1
2023,Bourgogne-Franche-Comte,20-39 ans,M,M,324075,1
2023,Bourgogne-Franche-Comte,40-59 ans,ALL,Ensemble,755980,1
2023,Bourgogne-Franche-Comte,40-59 ans,F,F,380507,1
2023,Bourgogne-Franche-Comte,40-59 ans,M,M,375473,1
2023,Bourgogne-Franche-Comte,60-74 ans,ALL,Ensemble,578437,1
2023,Bourgogne-Franche-Comte,60-74 ans,F,F,303300,1
2023,Bourgogne-Franche-Comte,60-74 ans,M,M,275137,1
2023,Bourgogne-Franche-Comte,75+ ans,ALL,Ensemble,344718,1
2023,Bourgogne-Franche-Comte,75+ ans,F,F,205941,1
2023,Bourgogne-Franche-Comte,75+ ans,M,M,138777,1
2023,Bourgogne-Franche-Comté,0-19 ans,ALL,Ensemble,1240098,1
2023,Bourgogne-Franche-Comté,0-19 ans,F,F,601132,1
2023,Bourgogne-Franche-Comté,0-19 ans,M,M,638966,1
2023,Bourgogne-Franche-Comté,20-39 ans,ALL,Ensemble,1201168,1
2023,Bourgogne-Franche-Comté,20-39 ans,F,F,589644,1
2023,Bourgogne-Franche-Comté,20-39 ans,M,M,611524,1
2023,Bourgogne-Franche-Comté,40-59 ans,ALL,Ensemble,1427674,1
2023,Bourgogne-Franche-Comté,40-59 ans,F,F,719088,1
2023,Bourgogne-Franche-Comté,40-59 ans,M,M,708586,1
2023,Bourgogne-Franche-Comté,60-74 ans,ALL,Ensemble,1084802,1
2023,Bourgogne-Franche-Comté,60-74 ans,F,F,569208,1
2023,Bourgogne-Franche-Comté,60-74 ans,M,M,515594,1
2023,Bourgogne-Franche-Comté,75+ ans,ALL,Ensemble,646726,1
2023,Bourgogne-Franche-Comté,75+ ans,F,F,386096,1
2023,Bourgogne-Franche-Comté,75+ ans,M,M,260630,1
2023,Bretagne,0-19 ans,ALL,Ensemble,2315973,1
2023,Bretagne,0-19 ans,F,F,1125114,1
2023,Bretagne,0-19 ans,M,M,1190859,1
2023,Bretagne,20-39 ans,ALL,Ensemble,2231628,1
2023,Bretagne,20-39 ans,F,F,1098948,1
2023,Bretagne,20-39 ans,M,M,1132680,1
2023,Bretagne,40-59 ans,ALL,Ensemble,2648307,1
2023,Bretagne,40-59 ans,F,F,1330761,1
2023,Bretagne,40-59 ans,M,M,1317546,1
2023,Bretagne,60-74 ans,ALL,Ensemble,1981143,1
2023,Bretagne,60-74 ans,F,F,1043205,1
2023,Bretagne,60-74 ans,M,M,937938,1
2023,Bretagne,75+ ans,ALL,Ensemble,1143693,1
2023,Bretagne,75+ ans,F,F,696564,1
2023,Bretagne,75+ ans,M,M,447129,1
2023,Centre-Val-de-Loire,0-19 ans,ALL,Ensemble,1779855,1
2023,Centre-Val-de-Loire,0-19 ans,F,F,862407,1
2023,Centre-Val-de-Loire,0-19 ans,M,M,917448,1
2023,Centre-Val-de-Loire,20-39 ans,ALL,Ensemble,1656717,1
2023,Centre-Val-de-Loire,20-39 ans,F,F,828660,1
2023,Centre-Val-de-Loire,20-39 ans,M,M,828057,1
2023,Centre-Val-de-Loire,40-59 ans,ALL,Ensemble,1977975,1
2023,Centre-Val-de-Loire,40-59 ans,F,F,1003899,1
2023,Centre-Val-de-Loire,40-59 ans,M,M,974076,1
2023,Centre-Val-de-Loire,60-74 ans,ALL,Ensemble,1453605,1
2023,Centre-Val-de-Loire,60-74 ans,F,F,765870,1
2023,Centre-Val-de-Loire,60-74 ans,M,M,687735,1
2023,Centre-Val-de-Loire,75+ ans,ALL,Ensemble,876996,1
2023,Centre-Val-de-Loire,75+ ans,F,F,522303,1
2023,Centre-Val-de-Loire,75+ ans,M,M,354693,1
2023,Corse,0-19 ans,ALL,Ensemble,212889,1
2023,Corse,0-19 ans,F,F,103950,1
2023,Corse,0-19 ans,M,M,108939,1
2023,Corse,20-39 ans,ALL,Ensemble,229794,1
2023,Corse,20-39 ans,F,F,117564,1
2023,Corse,20-39 ans,M,M,112230,1
2023,Corse,40-59 ans,ALL,Ensemble,286890,1
2023,Corse,40-59 ans,F,F,146331,1
2023,Corse,40-59 ans,M,M,140559,1
2023,Corse,60-74 ans,ALL,Ensemble,206565,1
2023,Corse,60-74 ans,F,F,106944,1
2023,Corse,60-74 ans,M,M,99621,1
2023,Corse,75+ ans,ALL,Ensemble,126660,1
2023,Corse,75+ ans,F,F,72984,1
2023,Corse,75+ ans,M,M,53676,1
2023,DROM,0-19 ans,ALL,Ensemble,2107188,5
2023,DROM,0-19 ans,F,F,1044660,5
2023,DROM,0-19 ans,M,M,1062528,5
2023,DROM,20-39 ans,ALL,Ensemble,1520985,5
2023,DROM,20-39 ans,F,F,836787,5
2023,DROM,20-39 ans,M,M,684198,5
2023,DROM,40-59 ans,ALL,Ensemble,1676709,5
2023,DROM,40-59 ans,F,F,902811,5
2023,DROM,40-59 ans,M,M,773898,5
2023,DROM,60-74 ans,ALL,Ensemble,972513,5
2023,DROM,60-74 ans,F,F,513375,5
2023,DROM,60-74 ans,M,M,459138,5
2023,DROM,75+ ans,ALL,Ensemble,408696,5
2023,DROM,75+ ans,F,F,240333,5
2023,DROM,75+ ans,M,M,168363,5
2023,Grand Est,0-19 ans,ALL,Ensemble,2489138,1
2023,Grand Est,0-19 ans,F,F,1209714,1
2023,Grand Est,0-19 ans,M,M,1279424,1
2023,Grand Est,20-39 ans,ALL,Ensemble,2605208,1
2023,Grand Est,20-39 ans,F,F,1290428,1
2023,Grand Est,20-39 ans,M,M,1314780,1
2023,Grand Est,40-59 ans,ALL,Ensemble,2885324,1
2023,Grand Est,40-59 ans,F,F,1455950,1
2023,Grand Est,40-59 ans,M,M,1429374,1
2023,Grand Est,60-74 ans,ALL,Ensemble,2039428,1
2023,Grand Est,60-74 ans,F,F,1072148,1
2023,Grand Est,60-74 ans,M,M,967280,1
2023,Grand Est,75+ ans,ALL,Ensemble,1089846,1
2023,Grand Est,75+ ans,F,F,656320,1
2023,Grand Est,75+ ans,M,M,433526,1
2023,Grand-Est,0-19 ans,ALL,Ensemble,1209913,1
2023,Grand-Est,0-19 ans,F,F,588062,1
2023,Grand-Est,0-19 ans,M,M,621851,1
2023,Grand-Est,20-39 ans,ALL,Ensemble,1267940,1
2023,Grand-Est,20-39 ans,F,F,628863,1
2023,Grand-Est,20-39 ans,M,M,639077,1
2023,Grand-Est,40-59 ans,ALL,Ensemble,1400519,1
2023,Grand-Est,40-59 ans,F,F,707012,1
2023,Grand-Est,40-59 ans,M,M,693507,1
2023,Grand-Est,60-74 ans,ALL,Ensemble,983678,1
2023,Grand-Est,60-74 ans,F,F,517378,1
2023,Grand-Est,60-74 ans,M,M,466300,1
2023,Grand-Est,75+ ans,ALL,Ensemble,523568,1
2023,Grand-Est,75+ ans,F,F,315267,1
2023,Grand-Est,75+ ans,M,M,208301,1
2023,Hauts-de-France,0-19 ans,ALL,Ensemble,4480398,1
2023,Hauts-de-France,0-19 ans,F,F,2185383,1
2023,Hauts-de-France,0-19 ans,M,M,2295015,1
2023,Hauts-de-France,20-39 ans,ALL,Ensemble,4327929,1
2023,Hauts-de-France,20-39 ans,F,F,2172168,1
2023,Hauts-de-France,20-39 ans,M,M,2155761,1
2023,Hauts-de-France,40-59 ans,ALL,Ensemble,4579344,1
2023,Hauts-de-France,40-59 ans,F,F,2312748,1
2023,Hauts-de-France,40-59 ans,M,M,2266596,1
2023,Hauts-de-France,60-74 ans,ALL,Ensemble,3041016,1
2023,Hauts-de-France,60-74 ans,F,F,1623627,1
2023,Hauts-de-France,60-74 ans,M,M,1417389,1
2023,Hauts-de-France,75+ ans,ALL,Ensemble,1542189,1
2023,Hauts-de-France,75+ ans,F,F,958722,1
2023,Hauts-de-France,75+ ans,M,M,583467,1
2023,Ile-de-France,0-19 ans,ALL,Ensemble,3075903,1
2023,Ile-de-France,0-19 ans,F,F,1504892,1
2023,Ile-de-France,0-19 ans,M,M,1571011,1
2023,Ile-de-France,20-39 ans,ALL,Ensemble,3472109,1
2023,Ile-de-France,20-39 ans,F,F,1781148,1
2023,Ile-de-France,20-39 ans,M,M,1690961,1
2023,Ile-de-France,40-59 ans,ALL,Ensemble,3229409,1
2023,Ile-de-France,40-59 ans,F,F,1645298,1
2023,Ile-de-France,40-59 ans,M,M,1584111,1
2023,Ile-de-France,60-74 ans,ALL,Ensemble,1705064,1
2023,Ile-de-France,60-74 ans,F,F,915410,1
2023,Ile-de-France,60-74 ans,M,M,789654,1
2023,Ile-de-France,75+ ans,ALL,Ensemble,924874,1
2023,Ile-de-France,75+ ans,F,F,555246,1
2023,Ile-de-France,75+ ans,M,M,369628,1
2023,Normandie,0-19 ans,ALL,Ensemble,2317599,1
2023,Normandie,0-19 ans,F,F,1127085,1
2023,Normandie,0-19 ans,M,M,1190514,1
2023,Normandie,20-39 ans,ALL,Ensemble,2228964,1
2023,Normandie,20-39 ans,F,F,1109709,1
2023,Normandie,20-39 ans,M,M,1119255,1
2023,Normandie,40-59 ans,ALL,Ensemble,2518731,1
2023,Normandie,40-59 ans,F,F,1278108,1
2023,Normandie,40-59 ans,M,M,1240623,1
2023,Normandie,60-74 ans,ALL,Ensemble,1889568,1
2023,Normandie,60-74 ans,F,F,1002501,1
2023,Normandie,60-74 ans,M,M,887067,1
2023,Normandie,75+ ans,ALL,Ensemble,1063704,1
2023,Normandie,75+ ans,F,F,648408,1
2023,Normandie,75+ ans,M,M,415296,1
2023,Nouvelle-Aquitaine,0-19 ans,ALL,Ensemble,3897491,1
2023,Nouvelle-Aquitaine,0-19 ans,F,F,1895721,1
2023,Nouvelle-Aquitaine,0-19 ans,M,M,2001770,1
2023,Nouvelle-Aquitaine,20-39 ans,ALL,Ensemble,3972328,1
2023,Nouvelle-Aquitaine,20-39 ans,F,F,1985319,1
2023,Nouvelle-Aquitaine,20-39 ans,M,M,1987009,1
2023,Nouvelle-Aquitaine,40-59 ans,ALL,Ensemble,4819165,1
2023,Nouvelle-Aquitaine,40-59 ans,F,F,2460385,1
2023,Nouvelle-Aquitaine,40-59 ans,M,M,2358780,1
2023,Nouvelle-Aquitaine,60-74 ans,ALL,Ensemble,3683310,1
2023,Nouvelle-Aquitaine,60-74 ans,F,F,1948617,1
2023,Nouvelle-Aquitaine,60-74 ans,M,M,1734693,1
2023,Nouvelle-Aquitaine,75+ ans,ALL,Ensemble,2236970,1
2023,Nouvelle-Aquitaine,75+ ans,F,F,1337083,1
2023,Nouvelle-Aquitaine,75+ ans,M,M,899887,1
2023,Occitanie,0-19 ans,ALL,Ensemble,3977869,1
2023,Occitanie,0-19 ans,F,F,1937094,1
2023,Occitanie,0-19 ans,M,M,2040775,1
2023,Occitanie,20-39 ans,ALL,Ensemble,4093265,1
2023,Occitanie,20-39 ans,F,F,2052639,1
2023,Occitanie,20-39 ans,M,M,2040626,1
2023,Occitanie,40-59 ans,ALL,Ensemble,4648427,1
2023,Occitanie,40-59 ans,F,F,2377808,1
2023,Occitanie,40-59 ans,M,M,2270619,1
2023,Occitanie,60-74 ans,ALL,Ensemble,3382677,1
2023,Occitanie,60-74 ans,F,F,1784388,1
2023,Occitanie,60-74 ans,M,M,1598289,1
2023,Occitanie,75+ ans,ALL,Ensemble,2068699,1
2023,Occitanie,75+ ans,F,F,1225313,1
2023,Occitanie,75+ ans,M,M,843386,1
2023,Pays de la Loire,0-19 ans,ALL,Ensemble,1860270,1
2023,Pays de la Loire,0-19 ans,F,F,902638,1
2023,Pays de la Loire,0-19 ans,M,M,957632,1
2023,Pays de la Loire,20-39 ans,ALL,Ensemble,1768210,1
2023,Pays de la Loire,20-39 ans,F,F,876528,1
2023,Pays de la Loire,20-39 ans,M,M,891682,1
2023,Pays de la Loire,40-59 ans,ALL,Ensemble,1988638,1
2023,Pays de la Loire,40-59 ans,F,F,998454,1
2023,Pays de la Loire,40-59 ans,M,M,990184,1
2023,Pays de la Loire,60-74 ans,ALL,Ensemble,1377682,1
2023,Pays de la Loire,60-74 ans,F,F,726646,1
2023,Pays de la Loire,60-74 ans,M,M,651036,1
2023,Pays de la Loire,75+ ans,ALL,Ensemble,802048,1
2023,Pays de la Loire,75+ ans,F,F,482222,1
2023,Pays de la Loire,75+ ans,M,M,319826,1
2023,Pays-de-la-Loire,0-19 ans,ALL,Ensemble,930135,1
2023,Pays-de-la-Loire,0-19 ans,F,F,451319,1
2023,Pays-de-la-Loire,0-19 ans,M,M,478816,1
2023,Pays-de-la-Loire,20-39 ans,ALL,Ensemble,884105,1
2023,Pays-de-la-Loire,20-39 ans,F,F,438264,1
2023,Pays-de-la-Loire,20-39 ans,M,M,445841,1
2023,Pays-de-la-Loire,40-59 ans,ALL,Ensemble,994319,1
2023,Pays-de-la-Loire,40-59 ans,F,F,499227,1
2023,Pays-de-la-Loire,40-59 ans,M,M,495092,1
2023,Pays-de-la-Loire,60-74 ans,ALL,Ensemble,688841,1
2023,Pays-de-la-Loire,60-74 ans,F,F,363323,1
2023,Pays-de-la-Loire,60-74 ans,M,M,325518,1
2023,Pays-de-la-Loire,75+ ans,ALL,Ensemble,401024,1
2023,Pays-de-la-Loire,75+ ans,F,F,241111,1
2023,Pays-de-la-Loire,75+ ans,M,M,159913,1
2023,Provence-Alpes-Cote-d-Azur,0-19 ans,ALL,Ensemble,1121161,1
2023,Provence-Alpes-Cote-d-Azur,0-19 ans,F,F,544009,1
2023,Provence-Alpes-Cote-d-Azur,0-19 ans,M,M,577152,1
2023,Provence-Alpes-Cote-d-Azur,20-39 ans,ALL,Ensemble,1148175,1
2023,Provence-Alpes-Cote-d-Azur,20-39 ans,F,F,582834,1
2023,Provence-Alpes-Cote-d-Azur,20-39 ans,M,M,565341,1
2023,Provence-Alpes-Cote-d-Azur,40-59 ans,ALL,Ensemble,1338712,1
2023,Provence-Alpes-Cote-d-Azur,40-59 ans,F,F,690905,1
2023,Provence-Alpes-Cote-d-Azur,40-59 ans,M,M,647807,1
2023,Provence-Alpes-Cote-d-Azur,60-74 ans,ALL,Ensemble,955617,1
2023,Provence-Alpes-Cote-d-Azur,60-74 ans,F,F,512908,1
2023,Provence-Alpes-Cote-d-Azur,60-74 ans,M,M,442709,1
2023,Provence-Alpes-Cote-d-Azur,75+ ans,ALL,Ensemble,630684,1
2023,Provence-Alpes-Cote-d-Azur,75+ ans,F,F,376555,1
2023,Provence-Alpes-Cote-d-Azur,75+ ans,M,M,254129,1
2023,Provence-Alpes-Côte d'Azur,0-19 ans,ALL,Ensemble,2242322,1
2023,Provence-Alpes-Côte d'Azur,0-19 ans,F,F,1088018,1
2023,Provence-Alpes-Côte d'Azur,0-19 ans,M,M,1154304,1
2023,Provence-Alpes-Côte d'Azur,20-39 ans,ALL,Ensemble,2296350,1
2023,Provence-Alpes-Côte d'Azur,20-39 ans,F,F,1165668,1
2023,Provence-Alpes-Côte d'Azur,20-39 ans,M,M,1130682,1
2023,Provence-Alpes-Côte d'Azur,40-59 ans,ALL,Ensemble,2677424,1
2023,Provence-Alpes-Côte d'Azur,40-59 ans,F,F,1381810,1
2023,Provence-Alpes-Côte d'Azur,40-59 ans,M,M,1295614,1
2023,Provence-Alpes-Côte d'Azur,60-74 ans,ALL,Ensemble,1911234,1
2023,Provence-Alpes-Côte d'Azur,60-74 ans,F,F,1025816,1
2023,Provence-Alpes-Côte d'Azur,60-74 ans,M,M,885418,1
2023,Provence-Alpes-Côte d'Azur,75+ ans,ALL,Ensemble,1261368,1
2023,Provence-Alpes-Côte d'Azur,75+ ans,F,F,753110,1
2023,Provence-Alpes-Côte d'Azur,75+ ans,M,M,508258,1
2023,Île-de-France,0-19 ans,ALL,Ensemble,6151806,1
2023,Île-de-France,0-19 ans,F,F,3009784,1
2023,Île-de-France,0-19 ans,M,M,3142022,1
2023,Île-de-France,20-39 ans,ALL,Ensemble,6944218,1
2023,Île-de-France,20-39 ans,F,F,3562296,1
2023,Île-de-France,20-39 ans,M,M,3381922,1
2023,Île-de-France,40-59 ans,ALL,Ensemble,6458818,1
2023,Île-de-France,40-59 ans,F,F,3290596,1
2023,Île-de-France,40-59 ans,M,M,3168222,1
2023,Île-de-France,60-74 ans,ALL,Ensemble,3410128,1
2023,Île-de-France,60-74 ans,F,F,1830820,1
2023,Île-de-France,60-74 ans,M,M,1579308,1
2023,Île-de-France,75+ ans,ALL,Ensemble,1849748,1
2023,Île-de-France,75+ ans,F,F,1110492,1
2023,Île-de-France,75+ ans,M,M,739256,1
2024,Auvergne-Rhone-Alpes,0-19 ans,ALL,Ensemble,1928524,1
2024,Auvergne-Rhone-Alpes,0-19 ans,F,F,938085,1
2024,Auvergne-Rhone-Alpes,0-19 ans,M,M,990439,1
2024,Auvergne-Rhone-Alpes,20-39 ans,ALL,Ensemble,1960153,1
2024,Auvergne-Rhone-Alpes,20-39 ans,F,F,978485,1
2024,Auvergne-Rhone-Alpes,20-39 ans,M,M,981668,1
2024,Auvergne-Rhone-Alpes,40-59 ans,ALL,Ensemble,2112147,1
2024,Auvergne-Rhone-Alpes,40-59 ans,F,F,1065868,1
2024,Auvergne-Rhone-Alpes,40-59 ans,M,M,1046279,1
2024,Auvergne-Rhone-Alpes,60-74 ans,ALL,Ensemble,1374436,1
2024,Auvergne-Rhone-Alpes,60-74 ans,F,F,723971,1
2024,Auvergne-Rhone-Alpes,60-74 ans,M,M,650465,1
2024,Auvergne-Rhone-Alpes,75+ ans,ALL,Ensemble,853542,1
2024,Auvergne-Rhone-Alpes,75+ ans,F,F,507257,1
2024,Auvergne-Rhone-Alpes,75+ ans,M,M,346285,1
2024,Auvergne-Rhône-Alpes,0-19 ans,ALL,Ensemble,3857048,1
2024,Auvergne-Rhône-Alpes,0-19 ans,F,F,1876170,1
2024,Auvergne-Rhône-Alpes,0-19 ans,M,M,1980878,1
2024,Auvergne-Rhône-Alpes,20-39 ans,ALL,Ensemble,3920306,1
2024,Auvergne-Rhône-Alpes,20-39 ans,F,F,1956970,1
2024,Auvergne-Rhône-Alpes,20-39 ans,M,M,1963336,1
2024,Auvergne-Rhône-Alpes,40-59 ans,ALL,Ensemble,4224294,1
2024,Auvergne-Rhône-Alpes,40-59 ans,F,F,2131736,1
2024,Auvergne-Rhône-Alpes,40-59 ans,M,M,2092558,1
2024,Auvergne-Rhône-Alpes,60-74 ans,ALL,Ensemble,2748872,1
2024,Auvergne-Rhône-Alpes,60-74 ans,F,F,1447942,1
2024,Auvergne-Rhône-Alpes,60-74 ans,M,M,1300930,1
2024,Auvergne-Rhône-Alpes,75+ ans,ALL,Ensemble,1707084,1
2024,Auvergne-Rhône-Alpes,75+ ans,F,F,1014514,1
2024,Auvergne-Rhône-Alpes,75+ ans,M,M,692570,1
2024,Bourgogne-Franche-Comte,0-19 ans,ALL,Ensemble,649164,1
2024,Bourgogne-Franche-Comte,0-19 ans,F,F,314655,1
2024,Bourgogne-Franche-Comte,0-19 ans,M,M,334509,1
2024,Bourgogne-Franche-Comte,20-39 ans,ALL,Ensemble,634856,1
2024,Bourgogne-Franche-Comte,20-39 ans,F,F,310429,1
2024,Bourgogne-Franche-Comte,20-39 ans,M,M,324427,1
2024,Bourgogne-Franche-Comte,40-59 ans,ALL,Ensemble,749066,1
2024,Bourgogne-Franche-Comte,40-59 ans,F,F,376893,1
2024,Bourgogne-Franche-Comte,40-59 ans,M,M,372173,1
2024,Bourgogne-Franche-Comte,60-74 ans,ALL,Ensemble,575851,1
2024,Bourgogne-Franche-Comte,60-74 ans,F,F,302181,1
2024,Bourgogne-Franche-Comte,60-74 ans,M,M,273670,1
2024,Bourgogne-Franche-Comte,75+ ans,ALL,Ensemble,356232,1
2024,Bourgogne-Franche-Comte,75+ ans,F,F,211119,1
2024,Bourgogne-Franche-Comte,75+ ans,M,M,145113,1
2024,Bourgogne-Franche-Comté,0-19 ans,ALL,Ensemble,1229674,1
2024,Bourgogne-Franche-Comté,0-19 ans,F,F,596022,1
2024,Bourgogne-Franche-Comté,0-19 ans,M,M,633652,1
2024,Bourgogne-Franche-Comté,20-39 ans,ALL,Ensemble,1200592,1
2024,Bourgogne-Franche-Comté,20-39 ans,F,F,588388,1
2024,Bourgogne-Franche-Comté,20-39 ans,M,M,612204,1
2024,Bourgogne-Franche-Comté,40-59 ans,ALL,Ensemble,1415806,1
2024,Bourgogne-Franche-Comté,40-59 ans,F,F,712738,1
2024,Bourgogne-Franche-Comté,40-59 ans,M,M,703068,1
2024,Bourgogne-Franche-Comté,60-74 ans,ALL,Ensemble,1079900,1
2024,Bourgogne-Franche-Comté,60-74 ans,F,F,567160,1
2024,Bourgogne-Franche-Comté,60-74 ans,M,M,512740,1
2024,Bourgogne-Franche-Comté,75+ ans,ALL,Ensemble,668348,1
2024,Bourgogne-Franche-Comté,75+ ans,F,F,395922,1
2024,Bourgogne-Franche-Comté,75+ ans,M,M,272426,1
2024,Bretagne,0-19 ans,ALL,Ensemble,2302743,1
2024,Bretagne,0-19 ans,F,F,1118244,1
2024,Bretagne,0-19 ans,M,M,1184499,1
2024,Bretagne,20-39 ans,ALL,Ensemble,2249361,1
2024,Bretagne,20-39 ans,F,F,1107516,1
2024,Bretagne,20-39 ans,M,M,1141845,1
2024,Bretagne,40-59 ans,ALL,Ensemble,2643531,1
2024,Bretagne,40-59 ans,F,F,1328424,1
2024,Bretagne,40-59 ans,M,M,1315107,1
2024,Bretagne,60-74 ans,ALL,Ensemble,1989456,1
2024,Bretagne,60-74 ans,F,F,1046649,1
2024,Bretagne,60-74 ans,M,M,942807,1
2024,Bretagne,75+ ans,ALL,Ensemble,1190673,1
2024,Bretagne,75+ ans,F,F,719685,1
2024,Bretagne,75+ ans,M,M,470988,1
2024,Centre-Val-de-Loire,0-19 ans,ALL,Ensemble,1768149,1
2024,Centre-Val-de-Loire,0-19 ans,F,F,855909,1
2024,Centre-Val-de-Loire,0-19 ans,M,M,912240,1
2024,Centre-Val-de-Loire,20-39 ans,ALL,Ensemble,1659657,1
2024,Centre-Val-de-Loire,20-39 ans,F,F,828855,1
2024,Centre-Val-de-Loire,20-39 ans,M,M,830802,1
2024,Centre-Val-de-Loire,40-59 ans,ALL,Ensemble,1964226,1
2024,Centre-Val-de-Loire,40-59 ans,F,F,997422,1
2024,Centre-Val-de-Loire,40-59 ans,M,M,966804,1
2024,Centre-Val-de-Loire,60-74 ans,ALL,Ensemble,1448079,1
2024,Centre-Val-de-Loire,60-74 ans,F,F,763755,1
2024,Centre-Val-de-Loire,60-74 ans,M,M,684324,1
2024,Centre-Val-de-Loire,75+ ans,ALL,Ensemble,905934,1
2024,Centre-Val-de-Loire,75+ ans,F,F,536388,1
2024,Centre-Val-de-Loire,75+ ans,M,M,369546,1
2024,Corse,0-19 ans,ALL,Ensemble,213438,1
2024,Corse,0-19 ans,F,F,104535,1
2024,Corse,0-19 ans,M,M,108903,1
2024,Corse,20-39 ans,ALL,Ensemble,231012,1
2024,Corse,20-39 ans,F,F,118158,1
2024,Corse,20-39 ans,M,M,112854,1
2024,Corse,40-59 ans,ALL,Ensemble,287844,1
2024,Corse,40-59 ans,F,F,146685,1
2024,Corse,40-59 ans,M,M,141159,1
2024,Corse,60-74 ans,ALL,Ensemble,208452,1
2024,Corse,60-74 ans,F,F,108219,1
2024,Corse,60-74 ans,M,M,100233,1
2024,Corse,75+ ans,ALL,Ensemble,130965,1
2024,Corse,75+ ans,F,F,75036,1
2024,Corse,75+ ans,M,M,55929,1
2024,DROM,0-19 ans,ALL,Ensemble,2110356,5
2024,DROM,0-19 ans,F,F,1046049,5
2024,DROM,0-19 ans,M,M,1064307,5
2024,DROM,20-39 ans,ALL,Ensemble,1518936,5
2024,DROM,20-39 ans,F,F,837639,5
2024,DROM,20-39 ans,M,M,681297,5
2024,DROM,40-59 ans,ALL,Ensemble,1665939,5
2024,DROM,40-59 ans,F,F,897543,5
2024,DROM,40-59 ans,M,M,768396,5
2024,DROM,60-74 ans,ALL,Ensemble,1010943,5
2024,DROM,60-74 ans,F,F,533094,5
2024,DROM,60-74 ans,M,M,477849,5
2024,DROM,75+ ans,ALL,Ensemble,424797,5
2024,DROM,75+ ans,F,F,249144,5
2024,DROM,75+ ans,M,M,175653,5
2024,Grand Est,0-19 ans,ALL,Ensemble,2464726,1
2024,Grand Est,0-19 ans,F,F,1197824,1
2024,Grand Est,0-19 ans,M,M,1266902,1
2024,Grand Est,20-39 ans,ALL,Ensemble,2601726,1
2024,Grand Est,20-39 ans,F,F,1286498,1
2024,Grand Est,20-39 ans,M,M,1315228,1
2024,Grand Est,40-59 ans,ALL,Ensemble,2860592,1
2024,Grand Est,40-59 ans,F,F,1443536,1
2024,Grand Est,40-59 ans,M,M,1417056,1
2024,Grand Est,60-74 ans,ALL,Ensemble,2045350,1
2024,Grand Est,60-74 ans,F,F,1076156,1
2024,Grand Est,60-74 ans,M,M,969194,1
2024,Grand Est,75+ ans,ALL,Ensemble,1127054,1
2024,Grand Est,75+ ans,F,F,673652,1
2024,Grand Est,75+ ans,M,M,453402,1
2024,Grand-Est,0-19 ans,ALL,Ensemble,1198036,1
2024,Grand-Est,0-19 ans,F,F,582268,1
2024,Grand-Est,0-19 ans,M,M,615768,1
2024,Grand-Est,20-39 ans,ALL,Ensemble,1266303,1
2024,Grand-Est,20-39 ans,F,F,627014,1
2024,Grand-Est,20-39 ans,M,M,639289,1
2024,Grand-Est,40-59 ans,ALL,Ensemble,1389133,1
2024,Grand-Est,40-59 ans,F,F,701244,1
2024,Grand-Est,40-59 ans,M,M,687889,1
2024,Grand-Est,60-74 ans,ALL,Ensemble,986774,1
2024,Grand-Est,60-74 ans,F,F,519477,1
2024,Grand-Est,60-74 ans,M,M,467297,1
2024,Grand-Est,75+ ans,ALL,Ensemble,541469,1
2024,Grand-Est,75+ ans,F,F,323668,1
2024,Grand-Est,75+ ans,M,M,217801,1
2024,Hauts-de-France,0-19 ans,ALL,Ensemble,4429710,1
2024,Hauts-de-France,0-19 ans,F,F,2159814,1
2024,Hauts-de-France,0-19 ans,M,M,2269896,1
2024,Hauts-de-France,20-39 ans,ALL,Ensemble,4318908,1
2024,Hauts-de-France,20-39 ans,F,F,2167143,1
2024,Hauts-de-France,20-39 ans,M,M,2151765,1
2024,Hauts-de-France,40-59 ans,ALL,Ensemble,4551624,1
2024,Hauts-de-France,40-59 ans,F,F,2298000,1
2024,Hauts-de-France,40-59 ans,M,M,2253624,1
2024,Hauts-de-France,60-74 ans,ALL,Ensemble,3039711,1
2024,Hauts-de-France,60-74 ans,F,F,1621548,1
2024,Hauts-de-France,60-74 ans,M,M,1418163,1
2024,Hauts-de-France,75+ ans,ALL,Ensemble,1607661,1
2024,Hauts-de-France,75+ ans,F,F,991560,1
2024,Hauts-de-France,75+ ans,M,M,616101,1
2024,Ile-de-France,0-19 ans,ALL,Ensemble,3051917,1
2024,Ile-de-France,0-19 ans,F,F,1491215,1
2024,Ile-de-France,0-19 ans,M,M,1560702,1
2024,Ile-de-France,20-39 ans,ALL,Ensemble,3484517,1
2024,Ile-de-France,20-39 ans,F,F,1785049,1
2024,Ile-de-France,20-39 ans,M,M,1699468,1
2024,Ile-de-France,40-59 ans,ALL,Ensemble,3221289,1
2024,Ile-de-France,40-59 ans,F,F,1641079,1
2024,Ile-de-France,40-59 ans,M,M,1580210,1
2024,Ile-de-France,60-74 ans,ALL,Ensemble,1712242,1
2024,Ile-de-France,60-74 ans,F,F,918910,1
2024,Ile-de-France,60-74 ans,M,M,793332,1
2024,Ile-de-France,75+ ans,ALL,Ensemble,960386,1
2024,Ile-de-France,75+ ans,F,F,573231,1
2024,Ile-de-France,75+ ans,M,M,387155,1
2024,Normandie,0-19 ans,ALL,Ensemble,2298717,1
2024,Normandie,0-19 ans,F,F,1117242,1
2024,Normandie,0-19 ans,M,M,1181475,1
2024,Normandie,20-39 ans,ALL,Ensemble,2230944,1
2024,Normandie,20-39 ans,F,F,1108098,1
2024,Normandie,20-39 ans,M,M,1122846,1
2024,Normandie,40-59 ans,ALL,Ensemble,2500197,1
2024,Normandie,40-59 ans,F,F,1269342,1
2024,Normandie,40-59 ans,M,M,1230855,1
2024,Normandie,60-74 ans,ALL,Ensemble,1889706,1
2024,Normandie,60-74 ans,F,F,1002105,1
2024,Normandie,60-74 ans,M,M,887601,1
2024,Normandie,75+ ans,ALL,Ensemble,1103565,1
2024,Normandie,75+ ans,F,F,668841,1
2024,Normandie,75+ ans,M,M,434724,1
2024,Nouvelle-Aquitaine,0-19 ans,ALL,Ensemble,3881983,1
2024,Nouvelle-Aquitaine,0-19 ans,F,F,1888620,1
2024,Nouvelle-Aquitaine,0-19 ans,M,M,1993363,1
2024,Nouvelle-Aquitaine,20-39 ans,ALL,Ensemble,3994458,1
2024,Nouvelle-Aquitaine,20-39 ans,F,F,1992938,1
2024,Nouvelle-Aquitaine,20-39 ans,M,M,2001520,1
2024,Nouvelle-Aquitaine,40-59 ans,ALL,Ensemble,4808864,1
2024,Nouvelle-Aquitaine,40-59 ans,F,F,2455123,1
2024,Nouvelle-Aquitaine,40-59 ans,M,M,2353741,1
2024,Nouvelle-Aquitaine,60-74 ans,ALL,Ensemble,3688296,1
2024,Nouvelle-Aquitaine,60-74 ans,F,F,1951910,1
2024,Nouvelle-Aquitaine,60-74 ans,M,M,1736386,1
2024,Nouvelle-Aquitaine,75+ ans,ALL,Ensemble,2319125,1
2024,Nouvelle-Aquitaine,75+ ans,F,F,1377549,1
2024,Nouvelle-Aquitaine,75+ ans,M,M,941576,1
2024,Occitanie,0-19 ans,ALL,Ensemble,3970889,1
2024,Occitanie,0-19 ans,F,F,1932756,1
2024,Occitanie,0-19 ans,M,M,2038133,1
2024,Occitanie,20-39 ans,ALL,Ensemble,4127517,1
2024,Occitanie,20-39 ans,F,F,2067151,1
2024,Occitanie,20-39 ans,M,M,2060366,1
2024,Occitanie,40-59 ans,ALL,Ensemble,4646461,1
2024,Occitanie,40-59 ans,F,F,2377619,1
2024,Occitanie,40-59 ans,M,M,2268842,1
2024,Occitanie,60-74 ans,ALL,Ensemble,3401250,1
2024,Occitanie,60-74 ans,F,F,1794424,1
2024,Occitanie,60-74 ans,M,M,1606826,1
2024,Occitanie,75+ ans,ALL,Ensemble,2147869,1
2024,Occitanie,75+ ans,F,F,1265346,1
2024,Occitanie,75+ ans,M,M,882523,1
2024,Pays de la Loire,0-19 ans,ALL,Ensemble,1847846,1
2024,Pays de la Loire,0-19 ans,F,F,896386,1
2024,Pays de la Loire,0-19 ans,M,M,951460,1
2024,Pays de la Loire,20-39 ans,ALL,Ensemble,1783048,1
2024,Pays de la Loire,20-39 ans,F,F,881810,1
2024,Pays de la Loire,20-39 ans,M,M,901238,1
2024,Pays de la Loire,40-59 ans,ALL,Ensemble,1990430,1
2024,Pays de la Loire,40-59 ans,F,F,998872,1
2024,Pays de la Loire,40-59 ans,M,M,991558,1
2024,Pays de la Loire,60-74 ans,ALL,Ensemble,1379964,1
2024,Pays de la Loire,60-74 ans,F,F,728220,1
2024,Pays de la Loire,60-74 ans,M,M,651744,1
2024,Pays de la Loire,75+ ans,ALL,Ensemble,835224,1
2024,Pays de la Loire,75+ ans,F,F,498658,1
2024,Pays de la Loire,75+ ans,M,M,336566,1
2024,Pays-de-la-Loire,0-19 ans,ALL,Ensemble,923923,1
2024,Pays-de-la-Loire,0-19 ans,F,F,448193,1
2024,Pays-de-la-Loire,0-19 ans,M,M,475730,1
2024,Pays-de-la-Loire,20-39 ans,ALL,Ensemble,891524,1
2024,Pays-de-la-Loire,20-39 ans,F,F,440905,1
2024,Pays-de-la-Loire,20-39 ans,M,M,450619,1
2024,Pays-de-la-Loire,40-59 ans,ALL,Ensemble,995215,1
2024,Pays-de-la-Loire,40-59 ans,F,F,499436,1
2024,Pays-de-la-Loire,40-59 ans,M,M,495779,1
2024,Pays-de-la-Loire,60-74 ans,ALL,Ensemble,689982,1
2024,Pays-de-la-Loire,60-74 ans,F,F,364110,1
2024,Pays-de-la-Loire,60-74 ans,M,M,325872,1
2024,Pays-de-la-Loire,75+ ans,ALL,Ensemble,417612,1
2024,Pays-de-la-Loire,75+ ans,F,F,249329,1
2024,Pays-de-la-Loire,75+ ans,M,M,168283,1
2024,Provence-Alpes-Cote-d-Azur,0-19 ans,ALL,Ensemble,1116395,1
2024,Provence-Alpes-Cote-d-Azur,0-19 ans,F,F,541339,1
2024,Provence-Alpes-Cote-d-Azur,0-19 ans,M,M,575056,1
2024,Provence-Alpes-Cote-d-Azur,20-39 ans,ALL,Ensemble,1152376,1
2024,Provence-Alpes-Cote-d-Azur,20-39 ans,F,F,584421,1
2024,Provence-Alpes-Cote-d-Azur,20-39 ans,M,M,567955,1
2024,Provence-Alpes-Cote-d-Azur,40-59 ans,ALL,Ensemble,1335255,1
2024,Provence-Alpes-Cote-d-Azur,40-59 ans,F,F,688768,1
2024,Provence-Alpes-Cote-d-Azur,40-59 ans,M,M,646487,1
2024,Provence-Alpes-Cote-d-Azur,60-74 ans,ALL,Ensemble,961403,1
2024,Provence-Alpes-Cote-d-Azur,60-74 ans,F,F,516131,1
2024,Provence-Alpes-Cote-d-Azur,60-74 ans,M,M,445272,1
2024,Provence-Alpes-Cote-d-Azur,75+ ans,ALL,Ensemble,652912,1
2024,Provence-Alpes-Cote-d-Azur,75+ ans,F,F,388220,1
2024,Provence-Alpes-Cote-d-Azur,75+ ans,M,M,264692,1
2024,Provence-Alpes-Côte d'Azur,0-19 ans,ALL,Ensemble,2232790,1
2024,Provence-Alpes-Côte d'Azur,0-19 ans,F,F,1082678,1
2024,Provence-Alpes-Côte d'Azur,0-19 ans,M,M,1150112,1
2024,Provence-Alpes-Côte d'Azur,20-39 ans,ALL,Ensemble,2304752,1
2024,Provence-Alpes-Côte d'Azur,20-39 ans,F,F,1168842,1
2024,Provence-Alpes-Côte d'Azur,20-39 ans,M,M,1135910,1
2024,Provence-Alpes-Côte d'Azur,40-59 ans,ALL,Ensemble,2670510,1
2024,Provence-Alpes-Côte d'Azur,40-59 ans,F,F,1377536,1
2024,Provence-Alpes-Côte d'Azur,40-59 ans,M,M,1292974,1
2024,Provence-Alpes-Côte d'Azur,60-74 ans,ALL,Ensemble,1922806,1
2024,Provence-Alpes-Côte d'Azur,60-74 ans,F,F,1032262,1
2024,Provence-Alpes-Côte d'Azur,60-74 ans,M,M,890544,1
2024,Provence-Alpes-Côte d'Azur,75+ ans,ALL,Ensemble,1305824,1
2024,Provence-Alpes-Côte d'Azur,75+ ans,F,F,776440,1
2024,Provence-Alpes-Côte d'Azur,75+ ans,M,M,529384,1
2024,Île-de-France,0-19 ans,ALL,Ensemble,6103834,1
2024,Île-de-France,0-19 ans,F,F,2982430,1
2024,Île-de-France,0-19 ans,M,M,3121404,1
2024,Île-de-France,20-39 ans,ALL,Ensemble,6969034,1
2024,Île-de-France,20-39 ans,F,F,3570098,1
2024,Île-de-France,20-39 ans,M,M,3398936,1
2024,Île-de-France,40-59 ans,ALL,Ensemble,6442578,1
2024,Île-de-France,40-59 ans,F,F,3282158,1
2024,Île-de-France,40-59 ans,M,M,3160420,1
2024,Île-de-France,60-74 ans,ALL,Ensemble,3424484,1
2024,Île-de-France,60-74 ans,F,F,1837820,1
2024,Île-de-France,60-74 ans,M,M,1586664,1
2024,Île-de-France,75+ ans,ALL,Ensemble,1920772,1
2024,Île-de-France,75+ ans,F,F,1146462,1
2024,Île-de-France,75+ ans,M,M,774310,1
2025,Auvergne-Rhone-Alpes,0-19 ans,ALL,Ensemble,1917538,1
2025,Auvergne-Rhone-Alpes,0-19 ans,F,F,932535,1
2025,Auvergne-Rhone-Alpes,0-19 ans,M,M,985003,1
2025,Auvergne-Rhone-Alpes,20-39 ans,ALL,Ensemble,1968526,1
2025,Auvergne-Rhone-Alpes,20-39 ans,F,F,980849,1
2025,Auvergne-Rhone-Alpes,20-39 ans,M,M,987677,1
2025,Auvergne-Rhone-Alpes,40-59 ans,ALL,Ensemble,2109650,1
2025,Auvergne-Rhone-Alpes,40-59 ans,F,F,1065283,1
2025,Auvergne-Rhone-Alpes,40-59 ans,M,M,1044367,1
2025,Auvergne-Rhone-Alpes,60-74 ans,ALL,Ensemble,1383194,1
2025,Auvergne-Rhone-Alpes,60-74 ans,F,F,727096,1
2025,Auvergne-Rhone-Alpes,60-74 ans,M,M,656098,1
2025,Auvergne-Rhone-Alpes,75+ ans,ALL,Ensemble,881188,1
2025,Auvergne-Rhone-Alpes,75+ ans,F,F,521423,1
2025,Auvergne-Rhone-Alpes,75+ ans,M,M,359765,1
2025,Auvergne-Rhône-Alpes,0-19 ans,ALL,Ensemble,3835076,1
2025,Auvergne-Rhône-Alpes,0-19 ans,F,F,1865070,1
2025,Auvergne-Rhône-Alpes,0-19 ans,M,M,1970006,1
2025,Auvergne-Rhône-Alpes,20-39 ans,ALL,Ensemble,3937052,1
2025,Auvergne-Rhône-Alpes,20-39 ans,F,F,1961698,1
2025,Auvergne-Rhône-Alpes,20-39 ans,M,M,1975354,1
2025,Auvergne-Rhône-Alpes,40-59 ans,ALL,Ensemble,4219300,1
2025,Auvergne-Rhône-Alpes,40-59 ans,F,F,2130566,1
2025,Auvergne-Rhône-Alpes,40-59 ans,M,M,2088734,1
2025,Auvergne-Rhône-Alpes,60-74 ans,ALL,Ensemble,2766388,1
2025,Auvergne-Rhône-Alpes,60-74 ans,F,F,1454192,1
2025,Auvergne-Rhône-Alpes,60-74 ans,M,M,1312196,1
2025,Auvergne-Rhône-Alpes,75+ ans,ALL,Ensemble,1762376,1
2025,Auvergne-Rhône-Alpes,75+ ans,F,F,1042846,1
2025,Auvergne-Rhône-Alpes,75+ ans,M,M,719530,1
2025,Bourgogne-Franche-Comte,0-19 ans,ALL,Ensemble,641269,1
2025,Bourgogne-Franche-Comte,0-19 ans,F,F,310409,1
2025,Bourgogne-Franche-Comte,0-19 ans,M,M,330860,1
2025,Bourgogne-Franche-Comte,20-39 ans,ALL,Ensemble,635000,1
2025,Bourgogne-Franche-Comte,20-39 ans,F,F,310306,1
2025,Bourgogne-Franche-Comte,20-39 ans,M,M,324694,1
2025,Bourgogne-Franche-Comte,40-59 ans,ALL,Ensemble,742906,1
2025,Bourgogne-Franche-Comte,40-59 ans,F,F,373575,1
2025,Bourgogne-Franche-Comte,40-59 ans,M,M,369331,1
2025,Bourgogne-Franche-Comte,60-74 ans,ALL,Ensemble,573461,1
2025,Bourgogne-Franche-Comte,60-74 ans,F,F,300684,1
2025,Bourgogne-Franche-Comte,60-74 ans,M,M,272777,1
2025,Bourgogne-Franche-Comte,75+ ans,ALL,Ensemble,367491,1
2025,Bourgogne-Franche-Comte,75+ ans,F,F,216739,1
2025,Bourgogne-Franche-Comte,75+ ans,M,M,150752,1
2025,Bourgogne-Franche-Comté,0-19 ans,ALL,Ensemble,1214916,1
2025,Bourgogne-Franche-Comté,0-19 ans,F,F,588008,1
2025,Bourgogne-Franche-Comté,0-19 ans,M,M,626908,1
2025,Bourgogne-Franche-Comté,20-39 ans,ALL,Ensemble,1201108,1
2025,Bourgogne-Franche-Comté,20-39 ans,F,F,588352,1
2025,Bourgogne-Franche-Comté,20-39 ans,M,M,612756,1
2025,Bourgogne-Franche-Comté,40-59 ans,ALL,Ensemble,1404914,1
2025,Bourgogne-Franche-Comté,40-59 ans,F,F,706870,1
2025,Bourgogne-Franche-Comté,40-59 ans,M,M,698044,1
2025,Bourgogne-Franche-Comté,60-74 ans,ALL,Ensemble,1075856,1
2025,Bourgogne-Franche-Comté,60-74 ans,F,F,564512,1
2025,Bourgogne-Franche-Comté,60-74 ans,M,M,511344,1
2025,Bourgogne-Franche-Comté,75+ ans,ALL,Ensemble,689366,1
2025,Bourgogne-Franche-Comté,75+ ans,F,F,406546,1
2025,Bourgogne-Franche-Comté,75+ ans,M,M,282820,1
2025,Bretagne,0-19 ans,ALL,Ensemble,2288130,1
2025,Bretagne,0-19 ans,F,F,1111188,1
2025,Bretagne,0-19 ans,M,M,1176942,1
2025,Bretagne,20-39 ans,ALL,Ensemble,2264844,1
2025,Bretagne,20-39 ans,F,F,1113393,1
2025,Bretagne,20-39 ans,M,M,1151451,1
2025,Bretagne,40-59 ans,ALL,Ensemble,2638422,1
2025,Bretagne,40-59 ans,F,F,1327542,1
2025,Bretagne,40-59 ans,M,M,1310880,1
2025,Bretagne,60-74 ans,ALL,Ensemble,1999482,1
2025,Bretagne,60-74 ans,F,F,1049976,1
2025,Bretagne,60-74 ans,M,M,949506,1
2025,Bretagne,75+ ans,ALL,Ensemble,1236807,1
2025,Bretagne,75+ ans,F,F,742725,1
2025,Bretagne,75+ ans,M,M,494082,1
2025,Centre-Val-de-Loire,0-19 ans,ALL,Ensemble,1752201,1
2025,Centre-Val-de-Loire,0-19 ans,F,F,848055,1
2025,Centre-Val-de-Loire,0-19 ans,M,M,904146,1
2025,Centre-Val-de-Loire,20-39 ans,ALL,Ensemble,1663281,1
2025,Centre-Val-de-Loire,20-39 ans,F,F,828114,1
2025,Centre-Val-de-Loire,20-39 ans,M,M,835167,1
2025,Centre-Val-de-Loire,40-59 ans,ALL,Ensemble,1951128,1
2025,Centre-Val-de-Loire,40-59 ans,F,F,991707,1
2025,Centre-Val-de-Loire,40-59 ans,M,M,959421,1
2025,Centre-Val-de-Loire,60-74 ans,ALL,Ensemble,1444341,1
2025,Centre-Val-de-Loire,60-74 ans,F,F,762111,1
2025,Centre-Val-de-Loire,60-74 ans,M,M,682230,1
2025,Centre-Val-de-Loire,75+ ans,ALL,Ensemble,933486,1
2025,Centre-Val-de-Loire,75+ ans,F,F,550266,1
2025,Centre-Val-de-Loire,75+ ans,M,M,383220,1
2025,Corse,0-19 ans,ALL,Ensemble,213237,1
2025,Corse,0-19 ans,F,F,104700,1
2025,Corse,0-19 ans,M,M,108537,1
2025,Corse,20-39 ans,ALL,Ensemble,232467,1
2025,Corse,20-39 ans,F,F,118890,1
2025,Corse,20-39 ans,M,M,113577,1
2025,Corse,40-59 ans,ALL,Ensemble,288417,1
2025,Corse,40-59 ans,F,F,147078,1
2025,Corse,40-59 ans,M,M,141339,1
2025,Corse,60-74 ans,ALL,Ensemble,210555,1
2025,Corse,60-74 ans,F,F,109203,1
2025,Corse,60-74 ans,M,M,101352,1
2025,Corse,75+ ans,ALL,Ensemble,135810,1
2025,Corse,75+ ans,F,F,77604,1
2025,Corse,75+ ans,M,M,58206,1
2025,DROM,0-19 ans,ALL,Ensemble,2099487,5
2025,DROM,0-19 ans,F,F,1039797,5
2025,DROM,0-19 ans,M,M,1059690,5
2025,DROM,20-39 ans,ALL,Ensemble,1517100,5
2025,DROM,20-39 ans,F,F,838092,5
2025,DROM,20-39 ans,M,M,679008,5
2025,DROM,40-59 ans,ALL,Ensemble,1655037,5
2025,DROM,40-59 ans,F,F,892953,5
2025,DROM,40-59 ans,M,M,762084,5
2025,DROM,60-74 ans,ALL,Ensemble,1045704,5
2025,DROM,60-74 ans,F,F,551244,5
2025,DROM,60-74 ans,M,M,494460,5
2025,DROM,75+ ans,ALL,Ensemble,443643,5
2025,DROM,75+ ans,F,F,258681,5
2025,DROM,75+ ans,M,M,184962,5
2025,Grand Est,0-19 ans,ALL,Ensemble,2436362,1
2025,Grand Est,0-19 ans,F,F,1183632,1
2025,Grand Est,0-19 ans,M,M,1252730,1
2025,Grand Est,20-39 ans,ALL,Ensemble,2597290,1
2025,Grand Est,20-39 ans,F,F,1283030,1
2025,Grand Est,20-39 ans,M,M,1314260,1
2025,Grand Est,40-59 ans,ALL,Ensemble,2838238,1
2025,Grand Est,40-59 ans,F,F,1432706,1
2025,Grand Est,40-59 ans,M,M,1405532,1
2025,Grand Est,60-74 ans,ALL,Ensemble,2050062,1
2025,Grand Est,60-74 ans,F,F,1077632,1
2025,Grand Est,60-74 ans,M,M,972430,1
2025,Grand Est,75+ ans,ALL,Ensemble,1166150,1
2025,Grand Est,75+ ans,F,F,692764,1
2025,Grand Est,75+ ans,M,M,473386,1
2025,Grand-Est,0-19 ans,ALL,Ensemble,1184370,1
2025,Grand-Est,0-19 ans,F,F,575411,1
2025,Grand-Est,0-19 ans,M,M,608959,1
2025,Grand-Est,20-39 ans,ALL,Ensemble,1264199,1
2025,Grand-Est,20-39 ans,F,F,625385,1
2025,Grand-Est,20-39 ans,M,M,638814,1
2025,Grand-Est,40-59 ans,ALL,Ensemble,1378670,1
2025,Grand-Est,40-59 ans,F,F,696213,1
2025,Grand-Est,40-59 ans,M,M,682457,1
2025,Grand-Est,60-74 ans,ALL,Ensemble,989498,1
2025,Grand-Est,60-74 ans,F,F,520388,1
2025,Grand-Est,60-74 ans,M,M,469110,1
2025,Grand-Est,75+ ans,ALL,Ensemble,560267,1
2025,Grand-Est,75+ ans,F,F,332916,1
2025,Grand-Est,75+ ans,M,M,227351,1
2025,Hauts-de-France,0-19 ans,ALL,Ensemble,4376157,1
2025,Hauts-de-France,0-19 ans,F,F,2132718,1
2025,Hauts-de-France,0-19 ans,M,M,2243439,1
2025,Hauts-de-France,20-39 ans,ALL,Ensemble,4303506,1
2025,Hauts-de-France,20-39 ans,F,F,2157741,1
2025,Hauts-de-France,20-39 ans,M,M,2145765,1
2025,Hauts-de-France,40-59 ans,ALL,Ensemble,4530096,1
2025,Hauts-de-France,40-59 ans,F,F,2287731,1
2025,Hauts-de-France,40-59 ans,M,M,2242365,1
2025,Hauts-de-France,60-74 ans,ALL,Ensemble,3037263,1
2025,Hauts-de-France,60-74 ans,F,F,1618170,1
2025,Hauts-de-France,60-74 ans,M,M,1419093,1
2025,Hauts-de-France,75+ ans,ALL,Ensemble,1674777,1
2025,Hauts-de-France,75+ ans,F,F,1025583,1
2025,Hauts-de-France,75+ ans,M,M,649194,1
2025,Ile-de-France,0-19 ans,ALL,Ensemble,3024514,1
2025,Ile-de-France,0-19 ans,F,F,1476487,1
2025,Ile-de-France,0-19 ans,M,M,1548027,1
2025,Ile-de-France,20-39 ans,ALL,Ensemble,3498225,1
2025,Ile-de-France,20-39 ans,F,F,1788676,1
2025,Ile-de-France,20-39 ans,M,M,1709549,1
2025,Ile-de-France,40-59 ans,ALL,Ensemble,3212635,1
2025,Ile-de-France,40-59 ans,F,F,1637644,1
2025,Ile-de-France,40-59 ans,M,M,1574991,1
2025,Ile-de-France,60-74 ans,ALL,Ensemble,1723310,1
2025,Ile-de-France,60-74 ans,F,F,923184,1
2025,Ile-de-France,60-74 ans,M,M,800126,1
2025,Ile-de-France,75+ ans,ALL,Ensemble,992165,1
2025,Ile-de-France,75+ ans,F,F,589732,1
2025,Ile-de-France,75+ ans,M,M,402433,1
2025,Normandie,0-19 ans,ALL,Ensemble,2276745,1
2025,Normandie,0-19 ans,F,F,1106403,1
2025,Normandie,0-19 ans,M,M,1170342,1
2025,Normandie,20-39 ans,ALL,Ensemble,2231421,1
2025,Normandie,20-39 ans,F,F,1104609,1
2025,Normandie,20-39 ans,M,M,1126812,1
2025,Normandie,40-59 ans,ALL,Ensemble,2485104,1
2025,Normandie,40-59 ans,F,F,1262409,1
2025,Normandie,40-59 ans,M,M,1222695,1
2025,Normandie,60-74 ans,ALL,Ensemble,1886751,1
2025,Normandie,60-74 ans,F,F,1000290,1
2025,Normandie,60-74 ans,M,M,886461,1
2025,Normandie,75+ ans,ALL,Ensemble,1143915,1
2025,Normandie,75+ ans,F,F,689838,1
2025,Normandie,75+ ans,M,M,454077,1
2025,Nouvelle-Aquitaine,0-19 ans,ALL,Ensemble,3857511,1
2025,Nouvelle-Aquitaine,0-19 ans,F,F,1877219,1
2025,Nouvelle-Aquitaine,0-19 ans,M,M,1980292,1
2025,Nouvelle-Aquitaine,20-39 ans,ALL,Ensemble,4016609,1
2025,Nouvelle-Aquitaine,20-39 ans,F,F,1999511,1
2025,Nouvelle-Aquitaine,20-39 ans,M,M,2017098,1
2025,Nouvelle-Aquitaine,40-59 ans,ALL,Ensemble,4797321,1
2025,Nouvelle-Aquitaine,40-59 ans,F,F,2449678,1
2025,Nouvelle-Aquitaine,40-59 ans,M,M,2347643,1
2025,Nouvelle-Aquitaine,60-74 ans,ALL,Ensemble,3698111,1
2025,Nouvelle-Aquitaine,60-74 ans,F,F,1956149,1
2025,Nouvelle-Aquitaine,60-74 ans,M,M,1741962,1
2025,Nouvelle-Aquitaine,75+ ans,ALL,Ensemble,2397128,1
2025,Nouvelle-Aquitaine,75+ ans,F,F,1417752,1
2025,Nouvelle-Aquitaine,75+ ans,M,M,979376,1
2025,Occitanie,0-19 ans,ALL,Ensemble,3955035,1
2025,Occitanie,0-19 ans,F,F,1925179,1
2025,Occitanie,0-19 ans,M,M,2029856,1
2025,Occitanie,20-39 ans,ALL,Ensemble,4163659,1
2025,Occitanie,20-39 ans,F,F,2081131,1
2025,Occitanie,20-39 ans,M,M,2082528,1
2025,Occitanie,40-59 ans,ALL,Ensemble,4643058,1
2025,Occitanie,40-59 ans,F,F,2377433,1
2025,Occitanie,40-59 ans,M,M,2265625,1
2025,Occitanie,60-74 ans,ALL,Ensemble,3425866,1
2025,Occitanie,60-74 ans,F,F,1805452,1
2025,Occitanie,60-74 ans,M,M,1620414,1
2025,Occitanie,75+ ans,ALL,Ensemble,2224090,1
2025,Occitanie,75+ ans,F,F,1305438,1
2025,Occitanie,75+ ans,M,M,918652,1
2025,Pays de la Loire,0-19 ans,ALL,Ensemble,1834316,1
2025,Pays de la Loire,0-19 ans,F,F,889806,1
2025,Pays de la Loire,0-19 ans,M,M,944510,1
2025,Pays de la Loire,20-39 ans,ALL,Ensemble,1796660,1
2025,Pays de la Loire,20-39 ans,F,F,886012,1
2025,Pays de la Loire,20-39 ans,M,M,910648,1
2025,Pays de la Loire,40-59 ans,ALL,Ensemble,1992076,1
2025,Pays de la Loire,40-59 ans,F,F,999998,1
2025,Pays de la Loire,40-59 ans,M,M,992078,1
2025,Pays de la Loire,60-74 ans,ALL,Ensemble,1382424,1
2025,Pays de la Loire,60-74 ans,F,F,728104,1
2025,Pays de la Loire,60-74 ans,M,M,654320,1
2025,Pays de la Loire,75+ ans,ALL,Ensemble,867962,1
2025,Pays de la Loire,75+ ans,F,F,516176,1
2025,Pays de la Loire,75+ ans,M,M,351786,1
2025,Pays-de-la-Loire,0-19 ans,ALL,Ensemble,917158,1
2025,Pays-de-la-Loire,0-19 ans,F,F,444903,1
2025,Pays-de-la-Loire,0-19 ans,M,M,472255,1
2025,Pays-de-la-Loire,20-39 ans,ALL,Ensemble,898330,1
2025,Pays-de-la-Loire,20-39 ans,F,F,443006,1
2025,Pays-de-la-Loire,20-39 ans,M,M,455324,1
2025,Pays-de-la-Loire,40-59 ans,ALL,Ensemble,996038,1
2025,Pays-de-la-Loire,40-59 ans,F,F,499999,1
2025,Pays-de-la-Loire,40-59 ans,M,M,496039,1
2025,Pays-de-la-Loire,60-74 ans,ALL,Ensemble,691212,1
2025,Pays-de-la-Loire,60-74 ans,F,F,364052,1
2025,Pays-de-la-Loire,60-74 ans,M,M,327160,1
2025,Pays-de-la-Loire,75+ ans,ALL,Ensemble,433981,1
2025,Pays-de-la-Loire,75+ ans,F,F,258088,1
2025,Pays-de-la-Loire,75+ ans,M,M,175893,1
2025,Provence-Alpes-Cote-d-Azur,0-19 ans,ALL,Ensemble,1109717,1
2025,Provence-Alpes-Cote-d-Azur,0-19 ans,F,F,537735,1
2025,Provence-Alpes-Cote-d-Azur,0-19 ans,M,M,571982,1
2025,Provence-Alpes-Cote-d-Azur,20-39 ans,ALL,Ensemble,1156387,1
2025,Provence-Alpes-Cote-d-Azur,20-39 ans,F,F,586070,1
2025,Provence-Alpes-Cote-d-Azur,20-39 ans,M,M,570317,1
2025,Provence-Alpes-Cote-d-Azur,40-59 ans,ALL,Ensemble,1330959,1
2025,Provence-Alpes-Cote-d-Azur,40-59 ans,F,F,686031,1
2025,Provence-Alpes-Cote-d-Azur,40-59 ans,M,M,644928,1
2025,Provence-Alpes-Cote-d-Azur,60-74 ans,ALL,Ensemble,968862,1
2025,Provence-Alpes-Cote-d-Azur,60-74 ans,F,F,519380,1
2025,Provence-Alpes-Cote-d-Azur,60-74 ans,M,M,449482,1
2025,Provence-Alpes-Cote-d-Azur,75+ ans,ALL,Ensemble,675662,1
2025,Provence-Alpes-Cote-d-Azur,75+ ans,F,F,400955,1
2025,Provence-Alpes-Cote-d-Azur,75+ ans,M,M,274707,1
2025,Provence-Alpes-Côte d'Azur,0-19 ans,ALL,Ensemble,2219434,1
2025,Provence-Alpes-Côte d'Azur,0-19 ans,F,F,1075470,1
2025,Provence-Alpes-Côte d'Azur,0-19 ans,M,M,1143964,1
2025,Provence-Alpes-Côte d'Azur,20-39 ans,ALL,Ensemble,2312774,1
2025,Provence-Alpes-Côte d'Azur,20-39 ans,F,F,1172140,1
2025,Provence-Alpes-Côte d'Azur,20-39 ans,M,M,1140634,1
2025,Provence-Alpes-Côte d'Azur,40-59 ans,ALL,Ensemble,2661918,1
2025,Provence-Alpes-Côte d'Azur,40-59 ans,F,F,1372062,1
2025,Provence-Alpes-Côte d'Azur,40-59 ans,M,M,1289856,1
2025,Provence-Alpes-Côte d'Azur,60-74 ans,ALL,Ensemble,1937724,1
2025,Provence-Alpes-Côte d'Azur,60-74 ans,F,F,1038760,1
2025,Provence-Alpes-Côte d'Azur,60-74 ans,M,M,898964,1
2025,Provence-Alpes-Côte d'Azur,75+ ans,ALL,Ensemble,1351324,1
2025,Provence-Alpes-Côte d'Azur,75+ ans,F,F,801910,1
2025,Provence-Alpes-Côte d'Azur,75+ ans,M,M,549414,1
2025,Île-de-France,0-19 ans,ALL,Ensemble,6049028,1
2025,Île-de-France,0-19 ans,F,F,2952974,1
2025,Île-de-France,0-19 ans,M,M,3096054,1
2025,Île-de-France,20-39 ans,ALL,Ensemble,6996450,1
2025,Île-de-France,20-39 ans,F,F,3577352,1
2025,Île-de-France,20-39 ans,M,M,3419098,1
2025,Île-de-France,40-59 ans,ALL,Ensemble,6425270,1
2025,Île-de-France,40-59 ans,F,F,3275288,1
2025,Île-de-France,40-59 ans,M,M,3149982,1
2025,Île-de-France,60-74 ans,ALL,Ensemble,3446620,1
2025,Île-de-France,60-74 ans,F,F,1846368,1
2025,Île-de-France,60-74 ans,M,M,1600252,1
2025,Île-de-France,75+ ans,ALL,Ensemble,1984330,1
2025,Île-de-France,75+ ans,F,F,1179464,1
2025,Île-de-France,75+ ans,M,M,804866,1
